[
{"url":"https://i.top4top.io/p_1932o7e2f0.jpg"},
{"url":"https://j.top4top.io/p_1932x82vu1.jpg"},
{"url":"https://g.top4top.io/p_19327mzvc0.jpg"},
{"url":"https://h.top4top.io/p_19328r6pt1.jpg"},
{"url":"https://i.top4top.io/p_1932sxt5c2.jpg"},
{"url":"https://b.top4top.io/p_19322f6ue0.jpg"},
{"url":"https://c.top4top.io/p_1932p9bcq1.jpg"},
{"url":"https://d.top4top.io/p_19320wxt52.jpg"},
{"url":"https://b.top4top.io/p_1932m46290.jpg"},
{"url":"https://c.top4top.io/p_193277ss81.jpg"},
{"url":"https://d.top4top.io/p_1932o4e672.jpg"},
{"url":"https://e.top4top.io/p_1932z4e293.jpg"},
{"url":"https://f.top4top.io/p_19326ptiu4.jpg"},
{"url":"https://g.top4top.io/p_1932dq3rr5.jpg"},
{"url":"https://h.top4top.io/p_1932wa40b6.jpg"},
{"url":"https://i.top4top.io/p_1932nfvpz7.jpg"},
{"url":"https://j.top4top.io/p_1932mzcx98.jpg"},
{"url":"https://k.top4top.io/p_1932k1rvv9.jpg"},
{"url":"https://b.top4top.io/p_1932rf9ic0.jpg"},
{"url":"https://c.top4top.io/p_19323jnd21.jpg"},
{"url":"https://d.top4top.io/p_1932dtwmf2.jpg"},
{"url":"https://e.top4top.io/p_1932ydeeq3.jpg"},
{"url":"https://f.top4top.io/p_1932fh9044.jpg"},
{"url":"https://g.top4top.io/p_193222brl5.jpg"},
{"url":"https://h.top4top.io/p_1932roxp66.jpg"},
{"url":"https://i.top4top.io/p_19320rf5h7.jpg"},
{"url":"https://j.top4top.io/p_1932eytwf8.jpg"},
{"url":"https://k.top4top.io/p_1932029i39.jpg"},
{"url":"https://a.top4top.io/p_1932auifw0.jpg"},
{"url":"https://b.top4top.io/p_19324tqmd1.jpg"},
{"url":"https://c.top4top.io/p_193222o602.jpg"},
{"url":"https://d.top4top.io/p_193212mmr3.jpg"},
{"url":"https://e.top4top.io/p_1932kz1r04.jpg"},
{"url":"https://f.top4top.io/p_1932w3r815.jpg"},
{"url":"https://g.top4top.io/p_1932f2e4e6.jpg"},
{"url":"https://h.top4top.io/p_1932gec9f7.jpg"},
{"url":"https://i.top4top.io/p_1932sui9g8.jpg"},
{"url":"https://j.top4top.io/p_1932kbxy99.jpg"},
{"url":"https://f.top4top.io/p_19325oity2.jpg"},
{"url":"https://e.top4top.io/p_1932wyo5x0.jpg"},
{"url":"https://g.top4top.io/p_193295mpj0.jpg"},
{"url":"https://h.top4top.io/p_1932x3b4p1.jpg"},
{"url":"https://i.top4top.io/p_1932n22t12.jpg"},
{"url":"https://j.top4top.io/p_19328xoqp3.jpg"},
{"url":"https://k.top4top.io/p_1932il8al4.jpg"},
{"url":"https://l.top4top.io/p_1932dy6cf5.jpg"},
{"url":"https://a.top4top.io/p_1932nix266.jpg"},
{"url":"https://b.top4top.io/p_19326t9w97.jpg"},
{"url":"https://c.top4top.io/p_1932e9d8a8.jpg"},
{"url":"https://d.top4top.io/p_1932pv87n9.jpg"}
]